{
  "ic_summary": [
    {
      "factor": "CU_LME_3M_CLOSE",
      "name": "LME铜3M收盘价",
      "direction": "负向",
      "ic_mean": -0.1583088936796435,
      "ic_std": 0.26558407912407245,
      "ic_median": -0.16257161295769296,
      "ic_min": -0.7407673476694245,
      "ic_max": 0.5343637360541585,
      "ic_count": 1390,
      "ir": -0.596078252136818,
      "win_rate": 0.30287769784172663,
      "t_stat": -22.22340889494618,
      "p_value": 7.288493849989696e-94,
      "significant": "True",
      "ic_p25": -0.35175197759669985,
      "ic_p75": 0.03450007265877898,
      "ic_iqr": 0.3862520502554788,
      "max_consecutive_pos": 44,
      "max_consecutive_neg": 201,
      "ic_positive_pct": 30.287769784172664,
      "rating": "⚫ 无效"
    },
    {
      "factor": "NI_LME_3M_CLOSE",
      "name": "LME镍3M收盘价",
      "direction": "负向",
      "ic_mean": -0.1346930805374249,
      "ic_std": 0.25512355173439255,
      "ic_median": -0.18321289664015597,
      "ic_min": -0.5677757012744465,
      "ic_max": 0.5494873121179025,
      "ic_count": 1385,
      "ir": -0.5279523572862963,
      "win_rate": 0.28736462093862813,
      "t_stat": -19.6480574820097,
      "p_value": 5.2684894592066834e-76,
      "significant": "True",
      "ic_p25": -0.33544179983989597,
      "ic_p75": 0.04175710605208159,
      "ic_iqr": 0.3771989058919776,
      "max_consecutive_pos": 61,
      "max_consecutive_neg": 173,
      "ic_positive_pct": 28.736462093862812,
      "rating": "⚫ 无效"
    }
  ],
  "decay": {
    "CU_LME_3M_CLOSE": "   forward_days   ic_mean    ic_std        ir  sample_count\n0             1  0.005658  0.123300  0.045888          1423\n1             5 -0.161822  0.260583 -0.621002          1419\n2            10 -0.266636  0.321893 -0.828338          1415\n3            20 -0.324944  0.399574 -0.813225          1405",
    "NI_LME_3M_CLOSE": "   forward_days   ic_mean    ic_std        ir  sample_count\n0             1 -0.036609  0.147107 -0.248862          1418\n1             5 -0.144489  0.247031 -0.584901          1414\n2            10 -0.205333  0.311829 -0.658479          1410\n3            20 -0.235548  0.411109 -0.572957          1400"
  },
  "high_corr": [],
  "multiple_test": {
    "n_tests": 2,
    "bonferroni_sig": 2,
    "fdr_sig": 2
  },
  "ic_weights": {
    "CU_LME_3M_CLOSE": 0.04167041924144133,
    "NI_LME_3M_CLOSE": 0.029892468014468772
  }
}