{
  "ic_summary": [
    {
      "factor": "CU_LME_3M_CLOSE",
      "name": "LME铜3M收盘价",
      "direction": "负向",
      "ic_mean": -0.11209542894934993,
      "ic_std": 0.2493491983353123,
      "ic_median": -0.10443080724206738,
      "ic_min": -0.6863254128394759,
      "ic_max": 0.528463731383239,
      "ic_count": 1390,
      "ir": -0.4495519925378289,
      "win_rate": 0.3129496402877698,
      "t_stat": -16.76051376458006,
      "p_value": 1.450591521775375e-57,
      "significant": "True",
      "ic_p25": -0.27488152456951387,
      "ic_p75": 0.0598123640082547,
      "ic_iqr": 0.33469388857776855,
      "max_consecutive_pos": 52,
      "max_consecutive_neg": 124,
      "ic_positive_pct": 31.294964028776977,
      "rating": "⚫ 无效"
    },
    {
      "factor": "NI_LME_3M_CLOSE",
      "name": "LME镍3M收盘价",
      "direction": "负向",
      "ic_mean": -0.1187797574296365,
      "ic_std": 0.25213034467759904,
      "ic_median": -0.1463054411782012,
      "ic_min": -0.6018661524530396,
      "ic_max": 0.511197130368593,
      "ic_count": 1385,
      "ir": -0.4711045692715848,
      "win_rate": 0.3220216606498195,
      "t_stat": -17.532433617047097,
      "p_value": 2.644458430581735e-62,
      "significant": "True",
      "ic_p25": -0.3147508384960423,
      "ic_p75": 0.07770139125587515,
      "ic_iqr": 0.39245222975191746,
      "max_consecutive_pos": 61,
      "max_consecutive_neg": 145,
      "ic_positive_pct": 32.20216606498195,
      "rating": "⚫ 无效"
    }
  ],
  "decay": {
    "CU_LME_3M_CLOSE": "   forward_days   ic_mean    ic_std        ir  sample_count\n0             1  0.057772  0.113004  0.511240          1423\n1             5 -0.113540  0.249139 -0.455730          1419\n2            10 -0.198177  0.344948 -0.574514          1415\n3            20 -0.225835  0.441476 -0.511545          1405",
    "NI_LME_3M_CLOSE": "   forward_days   ic_mean    ic_std        ir  sample_count\n0             1  0.011381  0.133434  0.085297          1418\n1             5 -0.120645  0.247495 -0.487466          1414\n2            10 -0.180605  0.320074 -0.564261          1410\n3            20 -0.213970  0.410992 -0.520618          1400"
  },
  "high_corr": [],
  "multiple_test": {
    "n_tests": 2,
    "bonferroni_sig": 2,
    "fdr_sig": 2
  },
  "ic_weights": {
    "CU_LME_3M_CLOSE": 0.07926709439334945,
    "NI_LME_3M_CLOSE": -0.0030912304433003968
  }
}