{
  "ic_summary": [
    {
      "factor": "USD_CNY_SPOT",
      "name": "美元兑人民币即期汇率",
      "direction": "负向",
      "ic_mean": -0.30695493417094816,
      "ic_std": 0.2921205187986618,
      "ic_median": -0.3529473574536578,
      "ic_min": -0.978978507317383,
      "ic_max": 0.6109715918155307,
      "ic_count": 1626,
      "ir": -1.0507818328999705,
      "win_rate": 0.14145141451414514,
      "t_stat": -42.371401210407996,
      "p_value": 6.663254486429083e-265,
      "significant": "True",
      "ic_p25": -0.5139875611301816,
      "ic_p75": -0.14489610613958032,
      "ic_iqr": 0.3690914549906013,
      "max_consecutive_pos": 40,
      "max_consecutive_neg": 231,
      "ic_positive_pct": 14.145141451414514,
      "rating": "⚫ 无效"
    },
    {
      "factor": "WTI_SPOT",
      "name": "WTI原油现货价",
      "direction": "正向",
      "ic_mean": 0.02245485000376792,
      "ic_std": 0.2596340194275415,
      "ic_median": 0.022157578643183774,
      "ic_min": -0.6005600144763801,
      "ic_max": 0.6908467912219562,
      "ic_count": 1479,
      "ir": 0.08648654769231659,
      "win_rate": 0.5240027045300879,
      "t_stat": 3.3260796767420597,
      "p_value": 0.0009023704978068977,
      "significant": "True",
      "ic_p25": -0.17487340980987934,
      "ic_p75": 0.2284325258387792,
      "ic_iqr": 0.4033059356486586,
      "max_consecutive_pos": 123,
      "max_consecutive_neg": 78,
      "ic_positive_pct": 52.40027045300879,
      "rating": "🟠 及格"
    }
  ],
  "decay": {
    "USD_CNY_SPOT": "   forward_days   ic_mean    ic_std        ir  sample_count\n0             1 -0.162309  0.149752 -1.083851          1659\n1             5 -0.300238  0.293968 -1.021331          1655\n2            10 -0.381450  0.370391 -1.029857          1650\n3            20 -0.447652  0.456381 -0.980875          1640",
    "WTI_SPOT": "   forward_days   ic_mean    ic_std        ir  sample_count\n0             1 -0.000697  0.135411 -0.005146          1508\n1             5  0.034447  0.253090  0.136104          1508\n2            10  0.054489  0.345343  0.157782          1504\n3            20  0.051567  0.435741  0.118344          1497"
  },
  "high_corr": [],
  "multiple_test": {
    "n_tests": 2,
    "bonferroni_sig": 2,
    "fdr_sig": 2
  },
  "ic_weights": {
    "USD_CNY_SPOT": 0.1736733183581352,
    "WTI_SPOT": 0.2815564845593242
  }
}