{
  "ic_summary": [
    {
      "factor": "CN_10Y_BOND",
      "name": "中国10年期国债收益率",
      "direction": "负向",
      "ic_mean": -0.0350402819073685,
      "ic_std": 0.24757566482410684,
      "ic_median": -0.010465263515250671,
      "ic_min": -0.6121624156660265,
      "ic_max": 0.5448612505497347,
      "ic_count": 1368,
      "ir": -0.1415336274357308,
      "win_rate": 0.48391812865497075,
      "t_stat": -5.234831249134878,
      "p_value": 1.909625572292091e-07,
      "significant": "True",
      "ic_p25": -0.21199926891011336,
      "ic_p75": 0.15915697494988884,
      "ic_iqr": 0.37115624386000223,
      "max_consecutive_pos": 82,
      "max_consecutive_neg": 105,
      "ic_positive_pct": 48.39181286549707,
      "rating": "⚫ 无效"
    }
  ],
  "decay": {
    "CN_10Y_BOND": "   forward_days   ic_mean    ic_std        ir  sample_count\n0             1 -0.009512  0.128603 -0.073961          1401\n1             5 -0.022294  0.256274 -0.086994          1397\n2            10 -0.018721  0.329222 -0.056864          1392\n3            20 -0.059678  0.422261 -0.141329          1382"
  },
  "high_corr": [],
  "multiple_test": null,
  "ic_weights": {}
}