{
  "ic_summary": [
    {
      "factor": "CU_LME_3M_CLOSE",
      "name": "LME铜3M收盘价",
      "direction": "负向",
      "ic_mean": -0.26200474613467706,
      "ic_std": 0.23691057784586814,
      "ic_median": -0.3078124470873431,
      "ic_min": -0.6585088674066009,
      "ic_max": 0.6550206717989338,
      "ic_count": 1390,
      "ir": -1.1059225321088657,
      "win_rate": 0.12949640287769784,
      "t_stat": -41.231782151227215,
      "p_value": 2.4113747009795195e-243,
      "significant": "True",
      "ic_p25": -0.423245910003787,
      "ic_p75": -0.15922836460879808,
      "ic_iqr": 0.2640175453949889,
      "max_consecutive_pos": 30,
      "max_consecutive_neg": 283,
      "ic_positive_pct": 12.949640287769784,
      "rating": "⚫ 无效"
    },
    {
      "factor": "NI_LME_3M_CLOSE",
      "name": "LME镍3M收盘价",
      "direction": "负向",
      "ic_mean": -0.1924448353312033,
      "ic_std": 0.2599741469983132,
      "ic_median": -0.23148470212291591,
      "ic_min": -0.6882858535837604,
      "ic_max": 0.5787027128425567,
      "ic_count": 1385,
      "ir": -0.7402460496675922,
      "win_rate": 0.2187725631768953,
      "t_stat": -27.548692100663114,
      "p_value": 1.4612170571303098e-133,
      "significant": "True",
      "ic_p25": -0.3785394395188111,
      "ic_p75": -0.043233718175823097,
      "ic_iqr": 0.335305721342988,
      "max_consecutive_pos": 59,
      "max_consecutive_neg": 151,
      "ic_positive_pct": 21.87725631768953,
      "rating": "⚫ 无效"
    }
  ],
  "decay": {
    "CU_LME_3M_CLOSE": "   forward_days   ic_mean    ic_std        ir  sample_count\n0             1  0.048450  0.108402  0.446949          1423\n1             5 -0.266470  0.235779 -1.130172          1419\n2            10 -0.389328  0.314423 -1.238230          1415\n3            20 -0.469605  0.373222 -1.258247          1405",
    "NI_LME_3M_CLOSE": "   forward_days   ic_mean    ic_std        ir  sample_count\n0             1 -0.017468  0.137793 -0.126768          1418\n1             5 -0.202957  0.257683 -0.787624          1414\n2            10 -0.257968  0.320675 -0.804453          1410\n3            20 -0.262454  0.397865 -0.659655          1400"
  },
  "high_corr": [],
  "multiple_test": {
    "n_tests": 2,
    "bonferroni_sig": 2,
    "fdr_sig": 2
  },
  "ic_weights": {
    "CU_LME_3M_CLOSE": -0.0937139120701845,
    "NI_LME_3M_CLOSE": -0.12757716738359792
  }
}