{
  "ic_summary": [
    {
      "factor": "CU_LME_3M_CLOSE",
      "name": "LME铜3M收盘价",
      "direction": "负向",
      "ic_mean": -0.08398548678462553,
      "ic_std": 0.23596897551302184,
      "ic_median": -0.10559538677943794,
      "ic_min": -0.6143219182818923,
      "ic_max": 0.7095090933144704,
      "ic_count": 1390,
      "ir": -0.3559174955183497,
      "win_rate": 0.31654676258992803,
      "t_stat": -13.26956655005414,
      "p_value": 6.357785708753872e-38,
      "significant": "True",
      "ic_p25": -0.23346461827040402,
      "ic_p75": 0.0616597184668733,
      "ic_iqr": 0.29512433673727734,
      "max_consecutive_pos": 60,
      "max_consecutive_neg": 118,
      "ic_positive_pct": 31.654676258992804,
      "rating": "⚫ 无效"
    },
    {
      "factor": "NI_LME_3M_CLOSE",
      "name": "LME镍3M收盘价",
      "direction": "负向",
      "ic_mean": -0.117091442495007,
      "ic_std": 0.2620473743536389,
      "ic_median": -0.14224913484922766,
      "ic_min": -0.6622008632292864,
      "ic_max": 0.7710798215427707,
      "ic_count": 1385,
      "ir": -0.4468331071197433,
      "win_rate": 0.30902527075812275,
      "t_stat": -16.62915687824621,
      "p_value": 9.432756389105728e-57,
      "significant": "True",
      "ic_p25": -0.30716373900631017,
      "ic_p75": 0.06661898101906197,
      "ic_iqr": 0.37378272002537216,
      "max_consecutive_pos": 60,
      "max_consecutive_neg": 109,
      "ic_positive_pct": 30.902527075812277,
      "rating": "⚫ 无效"
    }
  ],
  "decay": {
    "CU_LME_3M_CLOSE": "   forward_days   ic_mean    ic_std        ir  sample_count\n0             1 -0.001608  0.119718 -0.013435          1423\n1             5 -0.077380  0.237535 -0.325762          1419\n2            10 -0.091719  0.325396 -0.281869          1415\n3            20 -0.094162  0.431514 -0.218213          1405",
    "NI_LME_3M_CLOSE": "   forward_days   ic_mean    ic_std        ir  sample_count\n0             1 -0.024701  0.131688 -0.187574          1418\n1             5 -0.110093  0.263182 -0.418316          1414\n2            10 -0.091438  0.347085 -0.263445          1410\n3            20 -0.141246  0.377588 -0.374073          1400"
  },
  "high_corr": [],
  "multiple_test": {
    "n_tests": 2,
    "bonferroni_sig": 2,
    "fdr_sig": 2
  },
  "ic_weights": {
    "CU_LME_3M_CLOSE": -0.11840641592154738,
    "NI_LME_3M_CLOSE": -0.028657741271466333
  }
}